zcta,city_primary,county_primary,county_secondary,classification,jurisdiction_for_regs,population_2024,population_cagr_10yr_pct,renter_households_est,renter_hh_in_small_portfolio_est,renter_hh_share_pct,owner_occupied_pct,median_hh_income,median_home_value_2025,median_rent_2br,rent_to_price_ratio_monthly_pct,rent_growth_36mo_pct,days_on_market_rental,vacancy_rate,rate_locked_owner_pct_est,adu_permits_2024_jurisdiction,adu_permits_5yr_jurisdiction,tech_relocation_proxy,lep_pct,foreign_born_pct,pct_bachelors_or_higher,lca_total_fy2024,lep_renter_tech_raw,total_visa_renter_est,visa_renter_density,tech_cohort_share_proxy,avg_commute_min,min_commute_min,reg_complexity_score,zip_school_quality_composite,multi_zone_zip_flag,pct_under_5,under_5_density_per_sqmi,children_per_100_slots,zoning_permissiveness,facility_net_3yr,avg_tuition_infant,tuition_to_median_income_ratio,top_language_1_name,top_language_2_name,moe_flags,anomaly_flags,pm_score,pm_rank,rental_score,rental_rank,daycare_score,daycare_rank,dual_use_score,dual_use_rank,_n_renter_sp,_n_accidental,_n_lep_renter_tech,_n_visa,_n_reg_complex,_n_tech_capped,_n_avg_commute,_n_pop_growth,_n_school,_n_rtp,_n_rent_growth,_n_dom_vac,_n_stability,_n_reg_friendly,_n_min_commute,_n_under5,_n_gap,_n_zoning,_n_income,_n_hi_emp,_n_fac_trend
98001,Auburn,King,Pierce,suburban,Auburn,36041.0,1.37,6396.0,4208.0,23.83,58.0,107218.0,620000.0,1990.0,0.382,15.2,29.0,5.2,58.0,40.0,110.0,0.07804672,14.66,27.52,28.36,0.0,0.0,423.0,0.06613508442776736,0.0,82.38333333333334,56.9,2.5,64.6,true,4.86,94.0,243.0,1.0,0.0,2150.0,0.3,Spanish,Russian/Polish/Slavic,,CROSS_COUNTY,29.16,66,53.59,65,40.91,89,46.82,82,0.6491,0.1792,0.0,0.1324,0.2308,0.0,0.4994,0.5201,0.2623,0.5935,0.9059,0.6563,0.4244,0.7692,0.5198,0.1858,0.63,0.5,0.2731,0.3965,0.5
98002,Auburn,King,,suburban,Auburn,37284.0,1.37,8234.0,5100.0,50.23,46.0,77714.0,545000.0,1990.0,0.434,16.0,27.0,5.8,52.0,40.0,110.0,0.043897599999999995,16.45,24.32,18.05,0.0,0.0,814.0,0.09885839203303376,0.0,82.64999999999999,56.7,2.5,57.3,false,7.2,374.5,272.0,1.0,0.0,2050.0,0.36,Spanish,Russian/Polish/Slavic,,,30.91,63,51.12,75,50.7,34,50.91,60,0.7871,0.0519,0.0,0.1978,0.2308,0.0,0.4965,0.5201,0.1066,0.7478,1.0,0.633,0.2489,0.7692,0.5218,0.7401,0.7577,0.5,0.1039,0.3129,0.5
98003,Federal Way,King,,suburban,Federal Way,52210.0,0.96,10282.0,6477.0,52.35,51.0,70800.0,565000.0,2080.0,0.437,15.5,28.0,5.5,55.0,42.0,114.0,0.08853966,21.45,32.01,27.66,0.0,0.0,1481.0,0.14403812487842832,0.0,83.63333333333334,59.0,3.0,61.2,true,7.05,319.9,238.0,1.0,0.0,2100.0,0.34,Spanish,Other Indo-European,,,37.94,36,52.31,74,45.13,73,48.59,74,1.0,0.1455,0.0,0.2883,0.3077,0.0,0.4857,0.37,0.1898,0.7567,0.9412,0.6447,0.267,0.6923,0.4995,0.6322,0.6079,0.5,0.0643,0.2819,0.5
98004,Bellevue,King,,urban,Bellevue,39435.0,1.07,7623.0,3520.0,63.79,53.0,176367.0,1980000.0,3070.0,0.186,11.0,24.0,6.8,72.0,142.0,382.0,0.31876838,14.56,41.74,76.37,4480.0,416.09451520000005,3809.0,0.4996720451265906,0.5876951331496786,36.75,7.3,1.5,93.0,true,3.28,177.7,151.0,1.0,0.0,2750.0,0.18,Chinese (Mandarin/Cantonese),Other Indo-European,,,67.24,4,59.61,35,49.29,44,54.2,33,0.5428,0.6765,1.0,1.0,0.0769,0.5246,1.0,0.4103,0.8678,0.0119,0.4118,0.5887,0.5848,0.9231,1.0,0.3512,0.2247,0.5,0.6695,0.8348,0.5
98005,Bellevue,King,,suburban,Bellevue,21929.0,1.07,3375.0,2000.0,48.95,62.0,158396.0,1620000.0,2620.0,0.193,12.5,22.0,5.4,70.0,142.0,382.0,0.29942514000000003,15.08,42.06,71.19,860.0,63.482276,1287.0,0.38133333333333336,0.2548148148148148,39.4,9.8,1.5,91.7,false,6.68,199.6,164.0,1.0,0.0,2700.0,0.21,Chinese (Mandarin/Cantonese),Other Indo-European,,,48.27,23,63.03,20,49.32,43,55.76,21,0.3077,0.6256,0.2854,0.7632,0.0769,0.5375,0.9735,0.4103,0.8401,0.0326,0.5882,0.7541,0.6014,0.9231,0.9758,0.3945,0.2819,0.5,0.5665,0.7711,0.5
98006,Bellevue,King,,suburban,Bellevue,40770.0,1.07,4229.0,3114.0,20.4,74.0,197344.0,1850000.0,2820.0,0.182,12.0,21.0,4.1,74.0,142.0,382.0,0.26060380000000005,16.78,36.2,71.99,1380.0,47.239056,847.0,0.20028375502482856,0.3263182785528494,45.699999999999996,27.3,1.5,96.4,true,4.57,165.7,155.0,1.0,0.0,2700.0,0.18,Chinese (Mandarin/Cantonese),Spanish,,,47.82,24,66.94,9,50.86,31,58.35,9,0.48,0.6448,0.2124,0.4008,0.0769,0.6884,0.904,0.4103,0.9403,0.0,0.5294,0.8934,0.804,0.9231,0.8064,0.3275,0.2423,0.5,0.7898,0.7981,0.5
98007,Bellevue,King,,suburban,Bellevue,26838.0,1.07,4953.0,2808.0,65.33,56.0,126814.0,1520000.0,2620.0,0.206,12.8,22.0,5.2,68.0,142.0,382.0,0.35895600000000005,17.55,52.0,69.03,1940.0,222.42905100000002,2149.0,0.43387845750050474,0.39168180900464367,41.016666666666666,15.0,1.5,82.0,false,5.04,313.2,209.0,1.0,0.0,2700.0,0.23,Other Indo-European,Other Asian/Pacific Island,,,64.15,7,56.59,52,53.19,20,54.86,26,0.4327,0.6159,1.0,0.8683,0.0769,0.7574,0.9557,0.4103,0.6333,0.0712,0.6235,0.773,0.4654,0.9231,0.9255,0.619,0.4802,0.5,0.3854,0.6554,0.5
98008,Bellevue,King,,suburban,Bellevue,27138.0,1.07,3544.0,2440.0,26.98,68.0,175242.0,1640000.0,2820.0,0.205,12.5,21.0,4.6,72.0,142.0,382.0,0.2643944,14.21,39.58,66.8,1680.0,64.4088144,704.0,0.1986455981941309,0.47404063205417607,44.48333333333333,17.6,1.5,81.7,true,4.46,217.5,186.0,1.0,0.0,2700.0,0.21,Chinese (Mandarin/Cantonese),Other Indo-European,,MULTI_DISTRICT,46.91,28,59.21,37,51.72,27,55.34,23,0.3758,0.6186,0.2896,0.3976,0.0769,0.7519,0.9175,0.4103,0.6269,0.0682,0.5882,0.8462,0.6952,0.9231,0.9003,0.4298,0.3789,0.5,0.6631,0.7817,0.5
98010,Black Diamond,King,,exurban,Unincorporated King,6351.0,1.58,613.0,499.0,12.41,78.0,148692.0,765000.0,1970.0,0.307,14.0,32.0,4.0,65.0,0.0,0.0,0.07897650000000002,5.0,14.23,55.5,0.0,0.0,73.0,0.11908646003262642,0.0,88.16666666666667,63.9,2.0,73.9,true,5.81,24.7,239.0,1.0,0.0,1900.0,0.25,Spanish,Other Indo-European,renter_households,LARGE_UNINC,18.4,94,57.1,50,43.08,81,49.6,69,0.0756,0.2749,0.0,0.2383,0.1538,0.0,0.4357,0.5971,0.4606,0.3709,0.7647,0.7195,0.6948,0.8462,0.4521,0.0488,0.6123,0.5,0.5109,0.4815,0.5
98011,Bothell,King,,suburban,Bothell,28250.0,1.9,4238.0,2714.0,42.84,64.0,127445.0,950000.0,2400.0,0.304,13.0,24.0,4.5,66.0,62.0,168.0,0.12945228000000003,9.2,21.39,60.52,140.0,5.517792000000001,1267.0,0.29896177442189714,0.03303445021236432,53.35,45.1,1.5,84.9,false,5.62,225.0,178.0,1.0,0.0,2350.0,0.24,Spanish,Other Indo-European,,,36.46,39,63.16,19,45.8,68,53.78,37,0.4181,0.3613,0.0248,0.5983,0.0769,0.0697,0.8197,0.7143,0.6951,0.362,0.6471,0.8057,0.5279,0.9231,0.6341,0.4447,0.3436,0.5,0.3891,0.5116,0.5
98012,Bothell,Snohomish,,suburban,Unincorporated Snohomish,76123.0,1.09,10292.0,6602.0,33.49,65.0,141653.0,900000.0,2400.0,0.319,14.0,25.0,4.4,64.0,0.0,0.0,0.16391869999999997,11.59,29.45,55.66,90.0,3.4933419000000008,1852.0,0.17994558880684025,0.008744656043528955,61.61666666666667,37.4,2.0,86.5,true,7.12,346.1,241.0,1.0,0.0,2300.0,0.27,Other Asian/Pacific Island,Other Indo-European,,LARGE_UNINC;MULTI_DISTRICT,43.66,32,66.75,10,58.72,4,62.61,3,1.0,0.3502,0.0157,0.3601,0.1538,0.0184,0.7285,0.4176,0.7292,0.4065,0.7647,0.7984,0.5762,0.8462,0.7086,0.684,0.6211,0.5,0.4705,0.5896,0.5
98014,Carnation,King,,rural,Unincorporated King,7681.0,2.08,605.0,502.0,9.47,82.0,157680.0,920000.0,1970.0,0.255,12.5,34.0,3.8,68.0,0.0,0.0,0.03846360000000001,3.85,7.98,48.2,0.0,0.0,57.0,0.09421487603305785,0.0,74.93333333333334,57.8,2.0,83.2,false,6.35,5.6,277.0,1.0,0.0,1900.0,0.27,Spanish,Chinese (Mandarin/Cantonese),renter_households,LARGE_UNINC;RURAL_FRINGE,20.41,89,58.45,40,48.76,48,53.39,39,0.0761,0.2772,0.0,0.1886,0.1538,0.0,0.5816,0.7802,0.6588,0.2166,0.5882,0.705,0.7509,0.8462,0.5111,0.0111,0.7797,0.5,0.5624,0.5368,0.5
98019,Duvall,King,,exurban,Unincorporated King,11712.0,0.91,1095.0,875.0,10.19,78.0,156003.0,890000.0,1970.0,0.264,13.0,30.0,4.2,66.0,0.0,0.0,0.08790468,4.28,16.44,53.47,0.0,0.0,94.0,0.08584474885844749,0.0,68.03333333333333,51.5,2.0,83.2,false,6.25,20.5,272.0,1.0,0.0,2000.0,0.24,Spanish,Other Indo-European,renter_households,LARGE_UNINC,20.02,91,60.05,33,49.01,45,54.25,32,0.1338,0.2996,0.0,0.1718,0.1538,0.0,0.6577,0.3516,0.6588,0.2433,0.6471,0.734,0.7158,0.8462,0.5721,0.0405,0.7577,0.5,0.5528,0.5624,0.5
98020,Edmonds,Snohomish,,suburban,Edmonds,19064.0,0.64,2239.0,1503.0,24.56,70.0,122243.0,1190000.0,2520.0,0.253,12.0,22.0,4.5,68.0,62.0,168.0,0.056536159999999995,1.82,9.44,59.89,0.0,0.0,460.0,0.20544886109870478,0.0,60.15,47.8,1.5,85.0,false,4.67,172.2,160.0,1.0,0.0,2400.0,0.23,Other Indo-European,Other Asian/Pacific Island,,,24.77,78,59.27,36,41.35,86,49.51,71,0.2309,0.314,0.0,0.4112,0.0769,0.0,0.7447,0.2527,0.6972,0.2107,0.5294,0.839,0.5584,0.9231,0.6079,0.3403,0.2643,0.5,0.3592,0.4836,0.5
98021,Bothell,Snohomish,,suburban,Bothell,35445.0,1.09,4896.0,2973.0,20.69,64.0,172559.0,1080000.0,2400.0,0.266,13.5,23.0,4.7,64.0,62.0,168.0,0.17116562,10.78,28.58,59.89,40.0,0.8921528,530.0,0.10825163398692811,0.008169934640522876,56.833333333333336,47.7,1.5,86.5,false,7.02,245.4,222.0,1.0,0.0,2400.0,0.21,Other Indo-European,Other Asian/Pacific Island,,,30.0,64,63.9,17,55.41,14,59.5,5,0.4582,0.3755,0.004,0.2166,0.0769,0.0172,0.7812,0.4176,0.7292,0.2493,0.7059,0.8035,0.6572,0.9231,0.6089,0.485,0.5374,0.5,0.6477,0.6283,0.5
98022,Enumclaw,King,Pierce,exurban,Unincorporated King,22135.0,1.23,2552.0,1968.0,19.26,72.0,116613.0,585000.0,1990.0,0.404,13.0,31.0,4.0,60.0,0.0,0.0,0.01782403,2.6,6.23,28.61,0.0,0.0,248.0,0.09717868338557993,0.0,127.66666666666667,105.9,2.0,71.8,true,6.79,2.1,272.0,1.0,0.0,1900.0,0.27,Spanish,Other Indo-European,renter_households,CROSS_COUNTY;LARGE_UNINC,15.49,97,55.46,58,39.86,92,47.02,80,0.3028,0.134,0.0,0.1945,0.1538,0.0,0.0,0.4689,0.4158,0.6588,0.6471,0.7362,0.5574,0.8462,0.0455,0.0042,0.7577,0.5,0.327,0.1862,0.5
98023,Federal Way,King,,suburban,Federal Way,49593.0,0.96,9638.0,5925.0,33.57,53.0,101960.0,590000.0,2080.0,0.419,15.8,28.0,5.7,54.0,42.0,114.0,0.08361320000000001,14.12,24.52,34.1,0.0,0.0,999.0,0.10365221000207511,0.0,83.7,60.3,3.0,66.7,true,6.44,311.6,216.0,1.0,0.0,2100.0,0.31,Spanish,Other Asian/Pacific Island,,,34.76,42,55.91,55,46.58,63,51.03,58,0.9146,0.1251,0.0,0.2074,0.3077,0.0,0.4849,0.37,0.307,0.7033,0.9765,0.6258,0.3715,0.6923,0.4869,0.6158,0.511,0.5,0.2429,0.3649,0.5
98024,Fall City,King,,rural,Unincorporated King,4632.0,-0.03,222.0,188.0,12.27,86.0,152726.0,1080000.0,1970.0,0.217,11.0,38.0,3.2,70.0,0.0,0.0,0.053952379999999994,2.01,10.13,53.26,0.0,0.0,55.0,0.24774774774774774,0.0,69.75,53.1,2.0,89.0,true,6.43,13.5,327.0,1.0,0.0,1900.0,0.2,Spanish,German/W.Germanic,renter_households,LARGE_UNINC;LOW_POP;RURAL_FRINGE,19.71,92,57.71,43,54.65,16,56.16,17,0.0275,0.324,0.0,0.4958,0.1538,0.0,0.6388,0.0073,0.7825,0.1039,0.4118,0.6667,0.767,0.8462,0.5566,0.0267,1.0,0.5,0.534,0.5453,0.5
98025,Hobart,King,,rural,Unincorporated King,51.0,0.0,3.0,3.0,0.0,86.0,0.0,720000.0,1970.0,0.326,10.5,42.0,3.6,64.0,0.0,0.0,0.0,0.0,0.0,100.0,0.0,0.0,0.0,0.0,0.0,75.71666666666665,56.3,2.0,86.2,false,0.0,0.0,100.0,1.0,0.0,,,Spanish,French/Haitian/Cajun,population_2024,LARGE_UNINC;LOW_POP;PO_BOX_ZIP,10.29,104,57.59,46,22.41,104,35.92,104,0.0,0.1818,0.0,0.0,0.1538,0.0,0.573,0.0183,0.7228,0.4273,0.3529,0.5906,0.5,0.8462,0.5257,0.0,0.0,0.5,0.0,0.2628,0.5
98026,Edmonds,Snohomish,,suburban,Edmonds,38985.0,0.64,6248.0,3638.0,27.72,58.0,124462.0,890000.0,2520.0,0.339,13.0,25.0,5.0,62.0,62.0,168.0,0.07912998,7.91,16.74,47.27,40.0,0.8770608000000001,793.0,0.12692061459667092,0.006402048655569782,61.76666666666667,36.3,1.5,84.9,false,4.27,177.6,191.0,1.0,0.0,2350.0,0.24,Spanish,Chinese (Mandarin/Cantonese),,,29.09,67,64.63,14,45.32,71,54.12,34,0.561,0.2471,0.0039,0.254,0.0769,0.0135,0.7268,0.2527,0.6951,0.4659,0.6471,0.7418,0.4739,0.9231,0.7193,0.351,0.4009,0.5,0.3719,0.5456,0.5
98027,Issaquah,King,,suburban,Issaquah,28335.0,1.86,4355.0,2733.0,30.44,63.0,150000.0,1120000.0,2540.0,0.271,12.5,22.0,4.5,70.0,54.0,146.0,0.11864976,5.59,18.12,65.48,990.0,16.8458004,953.0,0.21882893226176808,0.22732491389207807,64.43333333333334,49.7,1.5,94.0,true,4.38,21.7,185.0,1.0,0.0,2650.0,0.23,Chinese (Mandarin/Cantonese),Spanish,,,38.85,35,66.59,11,41.97,85,52.87,42,0.4211,0.4082,0.0757,0.4379,0.0769,0.4795,0.6974,0.6996,0.8891,0.2641,0.5882,0.839,0.5849,0.9231,0.5895,0.0429,0.3744,0.5,0.5184,0.554,0.5
98028,Kenmore,King,,suburban,Kenmore,23594.0,1.09,3088.0,2126.0,30.33,68.0,137926.0,920000.0,2400.0,0.314,12.5,23.0,4.5,68.0,32.0,88.0,0.12727305,8.69,22.27,57.15,250.0,6.5891924999999985,669.0,0.21664507772020725,0.08095854922279792,52.13333333333333,46.7,1.0,81.0,false,6.37,244.4,180.0,1.0,0.0,2450.0,0.23,Spanish,Chinese (Mandarin/Cantonese),,,31.45,59,62.26,22,47.04,59,54.12,35,0.3272,0.3808,0.0296,0.4336,0.0,0.1708,0.8331,0.4176,0.6119,0.3917,0.5882,0.8223,0.5882,1.0,0.6186,0.483,0.3524,0.5,0.4491,0.5339,0.5
98029,Issaquah,King,,suburban,Issaquah,30930.0,1.86,3481.0,2290.0,37.14,72.0,164058.0,1380000.0,2540.0,0.22,12.0,20.0,4.0,72.0,54.0,146.0,0.24782226,8.75,34.14,72.59,210.0,6.824475,1344.0,0.3860959494398161,0.06032749209997127,59.65,44.3,1.5,99.2,true,5.23,158.9,237.0,1.0,0.0,2700.0,0.18,Chinese (Mandarin/Cantonese),Other Indo-European,,MULTI_DISTRICT,40.42,34,68.49,4,54.95,15,61.35,4,0.3526,0.5761,0.0307,0.7727,0.0769,0.1273,0.7502,0.6996,1.0,0.1128,0.5294,0.9195,0.6934,0.9231,0.6418,0.314,0.6035,0.5,0.599,0.6204,0.5
98030,Kent,King,,suburban,Kent,38492.0,1.08,7673.0,4618.0,47.01,51.0,91218.0,570000.0,2080.0,0.433,16.0,27.0,5.6,54.0,56.0,158.0,0.10043149,21.06,35.83,28.03,0.0,0.0,893.0,0.11638211911898866,0.0,73.23333333333333,47.0,3.0,59.0,true,5.59,299.0,240.0,1.0,0.0,2050.0,0.31,Spanish,Other Indo-European,,,32.39,52,53.17,67,46.69,62,49.82,68,0.7125,0.1469,0.0,0.2329,0.3077,0.0,0.6004,0.4139,0.1429,0.7448,1.0,0.6519,0.3255,0.6923,0.6157,0.5909,0.6167,0.5,0.1814,0.3985,0.5
98031,Kent,King,,suburban,Kent,40898.0,1.08,7334.0,4508.0,32.94,55.0,101458.0,575000.0,2080.0,0.43,15.8,27.0,5.4,56.0,56.0,158.0,0.0955776,18.83,31.44,30.4,0.0,0.0,708.0,0.0965366784837742,0.0,66.51666666666667,37.2,3.0,68.8,true,6.29,332.5,246.0,1.0,0.0,2050.0,0.3,Spanish,Other Indo-European,,,32.68,50,60.22,31,51.74,26,55.82,20,0.6955,0.1721,0.0,0.1932,0.3077,0.0,0.6744,0.4139,0.3518,0.7359,0.9765,0.6708,0.3852,0.6923,0.7106,0.6571,0.6432,0.5,0.2401,0.4753,0.5
98032,Kent,King,,suburban,Kent,40150.0,1.08,10299.0,5212.0,58.64,38.0,77413.0,520000.0,2080.0,0.475,16.2,28.0,6.2,48.0,56.0,158.0,0.09239013000000001,22.83,33.39,27.67,0.0,0.0,1254.0,0.12175939411593359,0.0,68.86666666666666,42.8,3.0,57.4,true,6.23,146.7,261.0,1.0,0.0,2050.0,0.34,Spanish,Other Indo-European,,MULTI_DISTRICT,34.4,43,52.64,71,41.29,87,46.62,84,0.8044,0.1081,0.0,0.2437,0.3077,0.0,0.6485,0.4139,0.1087,0.8694,1.0,0.5786,0.1875,0.6923,0.6563,0.2899,0.7093,0.5,0.1022,0.3793,0.5
98033,Kirkland,King,,urban,Kirkland,40662.0,1.42,7996.0,4253.0,36.17,52.0,174005.0,1620000.0,2820.0,0.208,11.5,20.0,5.8,70.0,124.0,344.0,0.17250112,6.16,23.54,73.28,2160.0,48.1263552,1860.0,0.23261630815407705,0.27013506753376687,42.449999999999996,22.5,2.5,89.4,true,5.75,254.2,169.0,1.0,0.0,2700.0,0.18,Chinese (Mandarin/Cantonese),Other Indo-European,,,51.45,20,58.2,41,52.48,22,55.27,24,0.6561,0.4853,0.2164,0.4655,0.2308,0.5699,0.9399,0.5385,0.791,0.0772,0.4706,0.7497,0.5704,0.7692,0.8529,0.5024,0.304,0.5,0.656,0.7544,0.5
98034,Kirkland,King,,suburban,Kirkland,51836.0,1.42,8542.0,5062.0,39.4,60.0,128974.0,1080000.0,2820.0,0.312,12.0,21.0,5.0,68.0,124.0,344.0,0.14926751,9.82,25.91,57.61,680.0,26.309744,2066.0,0.24186373214703816,0.07960664949660501,47.949999999999996,35.6,2.5,83.2,true,5.64,297.7,184.0,1.0,0.0,2550.0,0.2,Other Indo-European,Spanish,,,47.55,25,60.12,32,49.57,41,54.59,29,0.7812,0.4303,0.1183,0.484,0.2308,0.1679,0.8792,0.5385,0.6588,0.3858,0.5294,0.8085,0.5019,0.7692,0.726,0.5883,0.37,0.5,0.3978,0.5619,0.5
98038,Maple Valley,King,,suburban,Maple Valley,37868.0,1.3,3945.0,3093.0,13.94,74.0,144733.0,820000.0,2080.0,0.301,14.0,27.0,4.2,60.0,20.0,56.0,0.05974253999999999,3.76,12.87,46.42,0.0,0.0,372.0,0.09429657794676806,0.0,77.0,56.6,1.0,88.6,true,6.0,34.5,241.0,1.0,0.0,2100.0,0.21,Other Asian/Pacific Island,Russian/Polish/Slavic,renter_households,MULTI_DISTRICT,24.26,80,67.77,7,46.13,66,55.91,19,0.4767,0.1843,0.0,0.1887,0.0,0.0,0.5588,0.4945,0.774,0.3531,0.7647,0.784,0.6532,1.0,0.5227,0.0682,0.6211,0.5,0.4882,0.5055,0.5
98039,Medina,King,,suburban,Medina,2889.0,0.01,95.0,83.0,21.36,92.0,249688.0,4850000.0,4200.0,0.105,8.0,35.0,3.0,82.0,0.0,0.0,0.2736012300000001,8.38,31.01,88.23,0.0,0.0,76.0,0.8,0.0,36.96666666666667,17.2,1.0,93.0,false,3.77,76.0,193.0,1.0,0.0,3000.0,0.1,Chinese (Mandarin/Cantonese),Other Indo-European,renter_households,LOW_POP,32.28,54,61.4,26,54.48,18,57.84,11,0.0113,0.6186,0.0,1.0,0.0,0.0,1.0,0.022,0.8678,0.0,0.0588,0.7167,1.0,1.0,0.9042,0.1502,0.4097,0.5,1.0,0.9521,0.5
98040,Mercer Island,King,,suburban,Mercer Island,25282.0,0.47,1852.0,1508.0,34.0,82.0,202359.0,2680000.0,3380.0,0.153,9.5,28.0,3.8,78.0,20.0,56.0,0.1930845,7.04,24.5,78.81,0.0,0.0,1071.0,0.57829373650108,0.0,40.63333333333333,23.7,1.5,99.2,false,3.87,153.2,147.0,1.0,0.0,2900.0,0.15,Chinese (Mandarin/Cantonese),Other Indo-European,,,37.22,37,65.38,13,50.73,33,57.59,12,0.2316,0.5385,0.0,1.0,0.0769,0.0,0.9599,0.1905,1.0,0.0,0.2353,0.805,0.879,0.9231,0.8412,0.3028,0.207,0.5,0.8185,0.8299,0.5
98042,Kent,King,,suburban,Unincorporated King,48594.0,1.08,6940.0,5020.0,17.58,66.0,125554.0,720000.0,2080.0,0.343,14.5,28.0,4.6,58.0,0.0,0.0,0.06253205,10.68,18.55,33.71,0.0,0.0,492.0,0.07089337175792507,0.0,75.73333333333333,50.0,2.0,77.7,true,6.1,106.7,255.0,1.0,0.0,2050.0,0.25,Spanish,Russian/Polish/Slavic,,LARGE_UNINC;MULTI_DISTRICT,30.92,62,61.5,25,46.93,61,53.72,38,0.7747,0.1513,0.0,0.1419,0.1538,0.0,0.5728,0.4139,0.5416,0.4777,0.8235,0.7296,0.5376,0.8462,0.5866,0.2109,0.6828,0.5,0.3782,0.4824,0.5
98045,North Bend,King,,exurban,Unincorporated King,15705.0,1.72,1243.0,1012.0,15.19,80.0,161897.0,1020000.0,1970.0,0.23,11.5,32.0,3.6,68.0,0.0,0.0,0.04041452,3.06,7.79,51.88,0.0,0.0,197.0,0.1584875301689461,0.0,96.64999999999999,82.0,2.0,89.0,false,5.71,5.2,272.0,1.0,0.0,2150.0,0.22,Spanish,Other Indo-European,renter_households,LARGE_UNINC,20.53,88,57.63,45,48.49,51,52.86,43,0.1549,0.2793,0.0,0.3172,0.1538,0.0,0.3421,0.6484,0.7825,0.1424,0.4706,0.7572,0.7478,0.8462,0.2769,0.0103,0.7577,0.5,0.5866,0.4317,0.5
98047,Pacific,King,Pierce,suburban,Pacific,6900.0,0.48,1164.0,771.0,42.17,58.0,102723.0,560000.0,1990.0,0.422,15.0,28.0,5.0,56.0,4.0,9.0,0.04149295,17.94,23.35,17.77,0.0,0.0,110.0,0.09450171821305842,0.0,90.55000000000001,64.9,1.0,64.6,true,5.09,164.0,259.0,1.0,0.0,1950.0,0.32,Spanish,Russian/Polish/Slavic,renter_households;median_hh_income,CROSS_COUNTY;LOW_POP,11.71,101,57.57,47,44.41,75,50.56,64,0.1177,0.0998,0.0,0.1891,0.0,0.0,0.4094,0.1941,0.2623,0.7122,0.8824,0.6918,0.4115,1.0,0.4424,0.3241,0.7004,0.5,0.2473,0.3449,0.5
98050,Preston,King,,rural,Unincorporated King,87.0,0.0,6.0,5.0,0.0,86.0,0.0,820000.0,1970.0,0.286,10.5,42.0,3.6,64.0,0.0,0.0,0.0,0.0,0.0,100.0,0.0,0.0,0.0,0.0,0.0,67.0,51.4,2.0,89.0,false,0.0,0.0,100.0,1.0,0.0,,,Spanish,French/Haitian/Cajun,population_2024,LARGE_UNINC;LOW_POP;PO_BOX_ZIP,11.25,103,57.27,48,23.13,103,36.4,103,0.0,0.1818,0.0,0.0,0.1538,0.0,0.6691,0.0183,0.7825,0.3086,0.3529,0.5906,0.5,0.8462,0.5731,0.0,0.0,0.5,0.0,0.2865,0.5
98051,Ravensdale,King,,rural,Unincorporated King,3555.0,-0.03,196.0,166.0,15.02,86.0,114868.0,820000.0,1970.0,0.286,10.5,42.0,3.6,64.0,0.0,0.0,0.0156972,1.86,5.15,30.48,0.0,0.0,30.0,0.15306122448979592,0.0,91.39999999999999,70.2,2.0,86.2,false,4.5,3.0,309.0,1.0,0.0,1950.0,0.28,Spanish,Chinese (Mandarin/Cantonese),renter_households,LARGE_UNINC;LOW_POP;RURAL_FRINGE,12.87,100,56.04,54,47.5,56,51.59,54,0.0241,0.1924,0.0,0.3063,0.1538,0.0,0.4,0.0073,0.7228,0.3086,0.3529,0.5906,0.6585,0.8462,0.3911,0.0059,0.9207,0.5,0.3169,0.354,0.5
98052,Redmond,King,,urban,Redmond,79074.0,2.2,13781.0,7925.0,53.24,58.0,164848.0,1680000.0,3070.0,0.219,12.0,19.0,5.2,72.0,118.0,316.0,0.32663295,12.69,43.65,74.83,5220.0,352.67134319999997,5361.0,0.38901385966185326,0.37878238153980115,46.26666666666667,17.4,1.5,90.8,true,6.34,247.5,197.0,1.0,0.0,2750.0,0.16,Other Asian/Pacific Island,Chinese (Mandarin/Cantonese),,,78.28,1,63.29,18,54.52,17,58.74,8,1.0,0.6697,1.0,0.7785,0.0769,0.7531,0.8978,0.8242,0.8209,0.1098,0.5294,0.823,0.5896,0.9231,0.9022,0.4891,0.4273,0.5,0.6035,0.7529,0.5
98053,Redmond,King,,suburban,Redmond,22838.0,2.2,2221.0,1703.0,13.34,76.0,179912.0,1620000.0,2820.0,0.208,12.5,21.0,4.2,72.0,118.0,316.0,0.21981855,5.78,30.45,72.19,0.0,0.0,332.0,0.1494822152183701,0.0,56.43333333333334,32.0,1.5,95.0,true,6.63,54.8,214.0,1.0,0.0,2700.0,0.18,Other Indo-European,Other Asian/Pacific Island,renter_households,,31.95,56,67.48,8,50.03,37,58.1,10,0.2618,0.5643,0.0,0.2992,0.0769,0.0,0.7857,0.8242,0.9104,0.0772,0.5882,0.884,0.7692,0.9231,0.7609,0.1083,0.5022,0.5,0.6898,0.7254,0.5
98055,Renton,King,,suburban,Renton,24851.0,0.83,4812.0,2874.0,43.81,52.0,100207.0,620000.0,2200.0,0.421,15.0,26.0,5.4,56.0,72.0,198.0,0.10858146,16.62,27.82,39.03,110.0,8.009344200000001,785.0,0.16313383208645055,0.0228595178719867,58.5,22.7,2.0,59.5,false,8.01,446.3,204.0,1.0,0.0,2150.0,0.3,Spanish,Chinese (Mandarin/Cantonese),,,28.8,69,55.52,56,51.16,29,53.3,40,0.4429,0.1904,0.036,0.3265,0.1538,0.0482,0.7629,0.3223,0.1535,0.7092,0.8824,0.6874,0.3589,0.8462,0.8509,0.882,0.4581,0.5,0.2329,0.5419,0.5
98056,Renton,King,,suburban,Renton,36872.0,0.83,6121.0,3949.0,45.01,58.0,108596.0,720000.0,2200.0,0.362,14.5,24.0,4.8,60.0,72.0,198.0,0.13553266,19.69,30.74,44.09,0.0,0.0,1329.0,0.21712138539454337,0.0,48.18333333333334,11.4,2.0,71.6,false,6.03,294.3,205.0,1.0,0.0,2200.0,0.27,Spanish,Chinese (Mandarin/Cantonese),,,35.33,41,61.15,27,48.68,49,54.56,30,0.6091,0.2797,0.0,0.4345,0.1538,0.0,0.8767,0.3223,0.4115,0.5341,0.8235,0.7774,0.4284,0.8462,0.9603,0.5816,0.4626,0.5,0.281,0.6206,0.5
98057,Renton,King,,suburban,Renton,12151.0,0.83,2892.0,1437.0,75.78,44.0,68097.0,620000.0,2200.0,0.421,15.0,25.0,5.6,58.0,72.0,198.0,0.0845117,12.77,25.1,33.67,90.0,8.7093954,782.0,0.27040110650069155,0.03112033195020747,53.61666666666667,13.9,2.0,59.5,false,5.34,104.7,203.0,1.0,0.0,2150.0,0.3,Spanish,Tagalog/Filipino,,,27.31,73,54.35,62,34.86,100,43.53,94,0.2207,0.1951,0.0392,0.5412,0.1538,0.0656,0.8167,0.3223,0.1535,0.7092,0.8824,0.6852,0.2062,0.8462,0.9361,0.2069,0.4537,0.5,0.0488,0.4925,0.5
98058,Renton,King,,suburban,Renton,41980.0,0.83,5940.0,4297.0,26.81,66.0,111045.0,730000.0,2200.0,0.357,14.5,26.0,4.6,60.0,72.0,198.0,0.08810034,11.07,21.27,41.42,0.0,0.0,804.0,0.13535353535353536,0.0,62.9,33.3,2.0,71.6,true,6.63,147.9,238.0,1.0,0.0,2150.0,0.25,Spanish,Russian/Polish/Slavic,,MULTI_DISTRICT,32.12,55,59.82,34,45.27,72,52.04,48,0.6629,0.2292,0.0,0.2709,0.1538,0.0,0.7143,0.3223,0.4115,0.5193,0.8235,0.7629,0.496,0.8462,0.7483,0.2923,0.6079,0.5,0.295,0.5217,0.5
98059,Renton,King,,suburban,Renton,41639.0,0.83,4827.0,3723.0,22.41,72.0,134336.0,920000.0,2200.0,0.284,13.5,25.0,4.2,64.0,72.0,198.0,0.11760929999999999,13.52,23.22,50.65,50.0,1.514916,732.0,0.15164698570540708,0.010358400662937643,54.68333333333334,24.0,2.0,90.8,true,5.86,151.0,237.0,1.0,0.0,2250.0,0.24,Chinese (Mandarin/Cantonese),Vietnamese,,MULTI_DISTRICT,33.25,46,68.15,6,51.29,28,59.12,7,0.5741,0.3212,0.0068,0.3035,0.1538,0.0219,0.805,0.3223,0.8209,0.3027,0.7059,0.8173,0.6082,0.8462,0.8383,0.2984,0.6035,0.5,0.4286,0.6334,0.5
98065,Snoqualmie,King,,exurban,Snoqualmie,16061.0,1.44,1426.0,1118.0,15.35,78.0,182132.0,1190000.0,2200.0,0.219,12.0,27.0,3.6,68.0,14.0,38.0,0.08181739,3.42,12.77,64.07,0.0,0.0,219.0,0.1535764375876578,0.0,81.38333333333334,64.7,1.0,92.4,false,7.58,17.3,230.0,1.0,0.0,2500.0,0.18,Other Asian/Pacific Island,Other Indo-European,renter_households,,21.07,86,63.94,16,48.29,53,55.57,22,0.1713,0.3274,0.0,0.3074,0.0,0.0,0.5105,0.5458,0.855,0.1098,0.5294,0.8406,0.7907,1.0,0.4443,0.0342,0.5727,0.5,0.7026,0.5735,0.5
98070,Vashon,King,,rural,Unincorporated King,10424.0,-0.03,727.0,614.0,18.83,82.0,115750.0,890000.0,1970.0,0.264,10.5,44.0,4.0,66.0,0.0,0.0,0.029669639999999997,1.32,5.72,51.87,0.0,0.0,190.0,0.2613480055020633,0.0,74.56666666666666,57.6,2.0,83.2,false,3.26,9.2,160.0,1.0,0.0,2200.0,0.25,Spanish,German/W.Germanic,renter_households,LARGE_UNINC;RURAL_FRINGE,19.57,93,52.88,70,33.49,102,42.08,96,0.0934,0.2376,0.0,0.523,0.1538,0.0,0.5857,0.0073,0.6588,0.2433,0.3529,0.5195,0.6307,0.8462,0.5131,0.0182,0.2643,0.5,0.322,0.4175,0.5
98072,Woodinville,King,,suburban,Woodinville,24922.0,1.49,2385.0,1870.0,26.47,76.0,174599.0,1180000.0,2540.0,0.257,12.0,24.0,4.0,70.0,24.0,72.0,0.13323109999999996,4.7,19.7,67.63,30.0,0.373227,712.0,0.29853249475890986,0.012578616352201259,55.9,44.2,1.0,90.8,false,6.34,87.8,208.0,1.0,0.0,2600.0,0.2,Russian/Polish/Slavic,Chinese (Mandarin/Cantonese),,,31.73,57,66.51,12,48.93,46,57.05,13,0.2876,0.4152,0.0017,0.5975,0.0,0.0265,0.7915,0.5641,0.8209,0.2226,0.5294,0.8528,0.7539,1.0,0.6428,0.1735,0.4758,0.5,0.6594,0.6511,0.5
98074,Sammamish,King,,suburban,Sammamish,30850.0,3.12,3001.0,2301.0,15.73,76.0,234013.0,1620000.0,2820.0,0.208,12.0,20.0,4.0,72.0,58.0,144.0,0.3040637,10.89,38.3,79.39,30.0,0.5138991,509.0,0.1696101299566811,0.009996667777407531,52.050000000000004,25.2,1.0,99.2,true,6.47,190.4,203.0,1.0,0.0,2700.0,0.19,Other Asian/Pacific Island,Chinese (Mandarin/Cantonese),renter_households,MULTI_DISTRICT,36.64,38,72.8,1,60.64,2,66.44,1,0.3543,0.6371,0.0023,0.3394,0.0,0.0211,0.834,1.0,1.0,0.0772,0.5294,0.9195,0.9242,1.0,0.8267,0.3763,0.4537,0.5,1.0,0.9134,0.5
98075,Sammamish,King,,suburban,Sammamish,25231.0,3.12,1866.0,1520.0,11.43,82.0,250001.0,1720000.0,2820.0,0.196,11.8,20.0,3.6,74.0,58.0,144.0,0.26918190000000003,8.3,35.1,76.69,30.0,0.28460700000000005,286.0,0.1532690246516613,0.01607717041800643,54.63333333333333,33.3,1.0,99.2,false,5.41,141.6,196.0,1.0,0.0,2700.0,0.18,Chinese (Mandarin/Cantonese),Other Indo-European,median_hh_income,,33.31,45,72.1,2,57.64,6,64.47,2,0.2335,0.6302,0.0013,0.3067,0.0,0.0339,0.8055,1.0,1.0,0.0415,0.5059,0.9572,0.9697,1.0,0.7483,0.2798,0.4229,0.5,1.0,0.8742,0.5
98077,Woodinville,King,,exurban,Unincorporated King,14407.0,1.49,803.0,691.0,8.63,86.0,179625.0,1340000.0,2540.0,0.226,11.0,28.0,3.6,70.0,0.0,0.0,0.10140660000000001,6.05,16.02,63.3,20.0,0.104423,110.0,0.136986301369863,0.024906600249066,59.03333333333333,44.4,2.0,90.8,true,6.78,56.5,245.0,1.0,0.0,2500.0,0.2,Spanish,Russian/Polish/Slavic,renter_households,LARGE_UNINC;MULTI_DISTRICT,24.62,79,62.49,21,51.76,25,56.87,14,0.1053,0.3746,0.0005,0.2742,0.1538,0.0525,0.757,0.5641,0.8209,0.1306,0.4118,0.8239,0.8441,0.8462,0.6409,0.1117,0.6388,0.5,0.6882,0.6645,0.5
98092,Auburn,King,Pierce,suburban,Unincorporated King,50510.0,1.37,5717.0,4409.0,25.6,72.0,116614.0,680000.0,1990.0,0.348,14.5,28.0,4.5,58.0,0.0,0.0,0.0710418,11.8,20.04,35.45,0.0,0.0,748.0,0.13083785202029036,0.0,87.08333333333333,61.1,2.0,76.0,true,6.59,77.6,263.0,1.0,0.0,2050.0,0.3,Spanish,Russian/Polish/Slavic,,CROSS_COUNTY;LARGE_UNINC,29.81,65,60.26,30,44.86,74,51.99,49,0.6802,0.1604,0.0,0.2618,0.1538,0.0,0.4476,0.5201,0.5053,0.4926,0.8235,0.739,0.5574,0.8462,0.4792,0.1534,0.7181,0.5,0.327,0.4031,0.5
98101,Seattle,King,,urban-core,Seattle,16396.0,1.44,5718.0,486.0,84.28,18.0,128143.0,720000.0,2780.0,0.457,8.5,22.0,8.4,66.0,1180.0,5150.0,0.26738964000000004,5.65,37.56,71.19,3520.0,167.616064,2768.0,0.48408534452605806,0.6155998600909409,37.233333333333334,4.5,7.5,75.3,true,1.24,386.4,149.0,1.0,0.0,3000.0,0.18,Other Indo-European,Chinese (Mandarin/Cantonese),,,65.23,5,46.53,89,49.63,40,48.06,78,0.0736,0.8241,0.7536,0.9688,1.0,0.5,0.9974,0.5458,0.4904,0.816,0.1176,0.4711,0.1965,0.0,1.0,0.7636,0.2159,0.5,0.3931,0.6965,0.5
98102,Seattle,King,,urban-core,Seattle,26583.0,1.44,8000.0,1948.0,74.48,28.0,114395.0,920000.0,2780.0,0.358,9.0,20.0,6.4,68.0,1180.0,5150.0,0.11825951999999998,2.39,15.04,78.63,0.0,0.0,3984.0,0.498,0.0,37.81666666666667,9.3,7.5,81.4,false,1.51,312.4,192.0,1.0,0.0,2800.0,0.23,Spanish,Chinese (Mandarin/Cantonese),,,52.87,18,47.32,85,50.47,35,48.87,73,0.2997,0.6955,0.0,0.9967,1.0,0.0,0.991,0.5458,0.6205,0.5223,0.1765,0.6931,0.2177,0.0,0.9806,0.6174,0.4053,0.5,0.3142,0.6474,0.5
98103,Seattle,King,,urban,Seattle,51988.0,1.44,13275.0,6206.0,54.83,38.0,127372.0,950000.0,2780.0,0.346,9.5,18.0,5.5,70.0,1180.0,5150.0,0.11579540000000002,3.76,14.98,77.3,380.0,7.834110399999999,4478.0,0.33732580037664783,0.02862523540489642,43.65,21.7,7.5,79.1,true,4.6,521.4,176.0,1.0,0.0,2700.0,0.23,Spanish,Other Indo-European,,,64.39,6,47.52,84,56.85,8,51.98,50,0.9581,0.7232,0.0352,0.6751,1.0,0.0604,0.9267,0.5458,0.5714,0.4866,0.2353,0.8113,0.3307,0.0,0.8606,1.0,0.3348,0.5,0.3886,0.6246,0.5
98104,Seattle,King,,urban-core,Seattle,15870.0,1.44,5783.0,336.0,92.0,14.0,61866.0,620000.0,2540.0,0.486,7.5,24.0,10.2,62.0,1180.0,5150.0,0.15133115999999996,17.78,33.51,45.16,220.0,35.986720000000005,1700.0,0.29396507003285494,0.03804253847484005,38.21666666666666,7.4,7.5,71.1,true,1.32,221.2,141.0,1.0,0.0,2900.0,0.22,Chinese (Mandarin/Cantonese),Spanish,,,44.61,30,41.34,99,35.14,99,38.11,100,0.0504,0.6399,0.1618,0.5883,1.0,0.0803,0.9866,0.5458,0.4009,0.9021,0.0,0.4,0.0065,0.0,0.999,0.4372,0.1806,0.5,0.0131,0.5061,0.5
98105,Seattle,King,,urban,Seattle,49229.0,1.44,13352.0,5651.0,66.9,34.0,78691.0,1180000.0,2780.0,0.279,9.0,18.0,5.8,68.0,1180.0,5150.0,0.16426821,5.96,21.27,77.23,110.0,4.385964,3788.0,0.28370281605751946,0.00823846614739365,39.733333333333334,21.8,7.5,89.4,false,3.13,401.6,181.0,1.0,0.0,2700.0,0.25,Chinese (Mandarin/Cantonese),Spanish,,,61.34,9,46.66,88,50.21,36,48.4,76,0.8723,0.7445,0.0197,0.5678,1.0,0.0174,0.9699,0.5458,0.791,0.2878,0.1765,0.783,0.1608,0.0,0.8596,0.7937,0.3568,0.5,0.1095,0.4846,0.5
98106,Seattle,King,,urban,Seattle,28889.0,1.44,5598.0,3565.0,41.81,52.0,115529.0,620000.0,2540.0,0.486,11.0,22.0,5.0,58.0,1180.0,5150.0,0.108675,12.49,24.15,45.0,0.0,0.0,980.0,0.17506252232940336,0.0,47.65,27.1,7.5,57.3,false,5.69,299.9,228.0,1.0,0.0,2300.0,0.31,Spanish,Vietnamese,,,46.94,27,45.19,94,48.61,50,46.87,81,0.5497,0.5338,0.0,0.3504,1.0,0.0,0.8825,0.5458,0.1066,0.9021,0.4118,0.7918,0.4028,0.0,0.8083,0.5927,0.5639,0.5,0.3207,0.5645,0.5
98107,Seattle,King,,urban,Seattle,28390.0,1.44,6785.0,3228.0,60.61,42.0,137748.0,980000.0,2780.0,0.336,9.2,18.0,5.6,68.0,1180.0,5150.0,0.11551955000000001,3.0,15.17,76.15,0.0,0.0,2891.0,0.4260869565217391,0.0,45.800000000000004,22.0,7.5,81.0,false,4.45,579.1,170.0,1.0,0.0,2750.0,0.22,Chinese (Mandarin/Cantonese),Spanish,,,54.57,14,48.24,81,57.59,7,52.71,45,0.4976,0.6926,0.0,0.8527,1.0,0.0,0.9029,0.5458,0.6119,0.457,0.2,0.8019,0.3907,0.0,0.8577,1.0,0.3084,0.5,0.4481,0.6529,0.5
98108,Seattle,King,,urban,Seattle,24430.0,1.44,5396.0,3153.0,43.12,48.0,90806.0,580000.0,2540.0,0.519,11.5,24.0,5.5,56.0,1180.0,5150.0,0.1297296,26.54,35.1,36.96,0.0,0.0,650.0,0.12045959970348406,0.0,46.199999999999996,28.3,7.5,61.2,true,6.15,203.1,226.0,1.0,0.0,2400.0,0.33,Chinese (Mandarin/Cantonese),Spanish,,MULTI_DISTRICT,44.26,31,48.07,82,42.78,82,45.35,88,0.486,0.5259,0.0,0.2411,1.0,0.0,0.8985,0.5458,0.1898,1.0,0.4706,0.7113,0.3016,0.0,0.7967,0.4014,0.5551,0.5,0.179,0.4879,0.5
98109,Seattle,King,,urban-core,Seattle,32552.0,1.44,10884.0,1788.0,78.57,22.0,130845.0,920000.0,2960.0,0.381,8.0,22.0,8.8,68.0,1180.0,5150.0,0.22278324000000002,4.82,28.54,78.06,4290.0,162.4654746,5102.0,0.4687614847482543,0.3941565600882029,38.75,7.2,7.5,83.6,true,1.66,279.6,152.0,1.0,0.0,2900.0,0.21,Other Indo-European,Chinese (Mandarin/Cantonese),,,71.1,2,46.17,90,47.38,57,46.77,83,0.2749,0.8069,0.7304,0.9381,1.0,0.7581,0.9807,0.5458,0.6674,0.5905,0.0588,0.4333,0.2194,0.0,1.0,0.5526,0.2291,0.5,0.4085,0.7043,0.5
98112,Seattle,King,,urban,Seattle,23961.0,1.44,4473.0,2457.0,39.16,54.0,162073.0,1640000.0,2960.0,0.214,8.5,18.0,5.0,74.0,1180.0,5150.0,0.08562394000000001,2.23,10.58,80.93,30.0,0.2619804,1390.0,0.31075340934495865,0.00670690811535882,37.449999999999996,16.8,7.5,78.1,false,3.5,261.9,178.0,1.0,0.0,2900.0,0.18,Other Asian/Pacific Island,Spanish,,,51.2,21,41.18,100,50.84,32,45.76,87,0.3784,0.7517,0.0012,0.6219,1.0,0.0141,0.995,0.5458,0.5501,0.095,0.1176,0.8585,0.5514,0.0,0.908,0.5176,0.3436,0.5,0.5876,0.7478,0.5
98115,Seattle,King,,urban,Seattle,54248.0,1.44,9279.0,5866.0,40.68,58.0,148190.0,1080000.0,2780.0,0.305,9.2,18.0,4.8,72.0,1180.0,5150.0,0.10074523999999999,3.72,12.86,78.34,60.0,0.9079776,3012.0,0.32460394439055934,0.006466214031684449,43.583333333333336,29.2,7.5,89.4,true,4.7,388.8,188.0,1.0,0.0,2750.0,0.2,Chinese (Mandarin/Cantonese),Spanish,,,62.26,8,53.43,66,56.8,9,55.09,25,0.9055,0.7375,0.0041,0.6496,1.0,0.0136,0.9274,0.5458,0.791,0.365,0.2,0.8774,0.5419,0.0,0.788,0.7684,0.3877,0.5,0.508,0.648,0.5
98116,Seattle,King,,urban,Seattle,28091.0,1.44,4668.0,3093.0,46.35,60.0,130504.0,1080000.0,2780.0,0.305,9.0,20.0,4.6,72.0,1180.0,5150.0,0.09341484,3.36,13.56,68.89,0.0,0.0,1765.0,0.3781062553556127,0.0,47.61666666666667,22.7,7.5,73.0,false,5.25,491.8,213.0,1.0,0.0,2750.0,0.2,Russian/Polish/Slavic,Spanish,,,53.35,15,43.29,97,59.09,3,50.58,63,0.4767,0.7297,0.0,0.7567,1.0,0.0,0.8829,0.5458,0.4414,0.365,0.1765,0.8629,0.5063,0.0,0.8509,0.9719,0.4978,0.5,0.4066,0.6288,0.5
98117,Seattle,King,,urban,Seattle,35147.0,1.44,6097.0,3776.0,29.33,58.0,182500.0,1020000.0,2780.0,0.323,9.2,19.0,4.8,72.0,1180.0,5150.0,0.0922152,1.98,12.32,74.85,0.0,0.0,1303.0,0.2137116614728555,0.0,48.86666666666667,29.0,7.5,81.0,false,5.72,506.0,187.0,1.0,0.0,2750.0,0.21,Spanish,Other Indo-European,,,51.56,19,50.51,77,63.26,1,56.53,16,0.5823,0.7284,0.0,0.4277,1.0,0.0,0.8691,0.5458,0.6119,0.4184,0.2,0.8607,0.6402,0.0,0.7899,1.0,0.3833,0.5,0.7047,0.7473,0.5
98118,Seattle,King,,urban,Seattle,49560.0,1.44,9854.0,5976.0,42.55,52.0,109085.0,820000.0,2540.0,0.367,10.5,22.0,5.0,64.0,1180.0,5150.0,0.13194720000000001,16.32,26.95,48.96,0.0,0.0,1720.0,0.17454840673838035,0.0,43.666666666666664,23.0,7.5,52.3,true,6.33,503.0,239.0,1.0,0.0,2400.0,0.28,Spanish,Vietnamese,,,57.42,13,34.53,107,56.42,10,44.14,91,0.9225,0.6495,0.0,0.3493,1.0,0.0,0.9265,0.5458,0.0,0.549,0.3529,0.7918,0.3843,0.0,0.848,0.9941,0.6123,0.5,0.2838,0.5659,0.5
98119,Seattle,King,,urban,Seattle,26390.0,1.44,6337.0,2734.0,60.73,42.0,125021.0,1180000.0,2780.0,0.279,8.5,20.0,6.4,70.0,1180.0,5150.0,0.10414636,2.39,14.57,71.48,110.0,1.5965917,2469.0,0.3896165377939088,0.01735837146914944,42.11666666666667,12.9,7.5,84.6,false,3.6,391.8,184.0,1.0,0.0,2800.0,0.2,Spanish,Chinese (Mandarin/Cantonese),,,53.17,17,45.2,93,54.24,19,49.51,72,0.4212,0.7108,0.0072,0.7797,1.0,0.0366,0.9436,0.5458,0.6887,0.2878,0.1176,0.6931,0.3542,0.0,0.9458,0.7743,0.37,0.5,0.3752,0.6605,0.5
98121,Seattle,King,,urban-core,Seattle,20904.0,1.44,6883.0,400.0,74.77,20.0,148974.0,620000.0,2780.0,0.531,7.0,24.0,9.6,66.0,1180.0,5150.0,0.31197800000000003,9.18,40.1,77.8,2410.0,165.41965259999995,3253.0,0.4726136858927793,0.35013802121168097,38.766666666666666,7.9,7.5,82.4,true,0.53,250.0,146.0,1.0,0.0,3000.0,0.18,Other Indo-European,Chinese (Mandarin/Cantonese),,,67.5,3,53.0,68,47.16,58,49.99,67,0.0603,0.8716,0.7437,0.9458,1.0,0.7384,0.9805,0.5458,0.6418,1.0,0.0,0.4,0.2562,0.0,0.9942,0.4941,0.2026,0.5,0.5125,0.7533,0.5
98122,Seattle,King,,urban,Seattle,42001.0,1.44,11248.0,4314.0,72.05,36.0,106479.0,820000.0,2780.0,0.401,9.5,20.0,5.8,66.0,1180.0,5150.0,0.122837,4.38,17.18,71.5,40.0,1.2623159999999998,4892.0,0.4349217638691323,0.0035561877667140826,37.0,13.0,7.5,69.4,false,2.28,409.7,166.0,1.0,0.0,2750.0,0.23,Spanish,Chinese (Mandarin/Cantonese),,,59.24,10,44.15,96,48.8,47,46.42,85,0.6655,0.6701,0.0057,0.8704,1.0,0.0075,1.0,0.5458,0.3646,0.6499,0.2353,0.7497,0.2556,0.0,0.9448,0.8097,0.2907,0.5,0.2689,0.6068,0.5
98125,Seattle,King,,urban,Seattle,43807.0,1.44,8687.0,5076.0,54.32,52.0,96725.0,820000.0,2780.0,0.401,10.0,20.0,5.2,66.0,1180.0,5150.0,0.13173179999999998,9.24,21.72,60.65,0.0,0.0,2810.0,0.32347185449522275,0.0,48.9,37.7,7.5,79.9,false,5.39,435.4,202.0,1.0,0.0,2550.0,0.24,Spanish,Chinese (Mandarin/Cantonese),,,57.84,12,50.9,76,52.95,21,51.91,51,0.7834,0.6796,0.0,0.6474,1.0,0.0,0.8688,0.5458,0.5885,0.6499,0.2941,0.8063,0.3489,0.0,0.7057,0.8605,0.4493,0.5,0.2129,0.4593,0.5
98126,Seattle,King,,urban,Seattle,22433.0,1.44,3923.0,2549.0,39.6,58.0,114030.0,820000.0,2540.0,0.367,10.0,22.0,4.8,66.0,1180.0,5150.0,0.09488672999999999,6.73,15.87,59.79,0.0,0.0,1010.0,0.2574560285495794,0.0,48.56666666666666,26.1,7.5,72.8,false,6.44,466.6,231.0,1.0,0.0,2400.0,0.28,Spanish,Other Indo-European,,,47.06,26,46.73,87,58.03,5,52.07,47,0.3926,0.6403,0.0,0.5153,1.0,0.0,0.8724,0.5458,0.4371,0.549,0.2941,0.8107,0.4439,0.0,0.818,0.9221,0.5771,0.5,0.3121,0.5651,0.5
98133,Seattle,King,,suburban,Seattle,52620.0,1.44,11256.0,6236.0,50.84,48.0,92371.0,720000.0,2780.0,0.457,10.5,22.0,5.0,62.0,1180.0,5150.0,0.11540144,11.71,22.61,51.04,0.0,0.0,2645.0,0.23498578535891967,0.0,53.13333333333333,44.3,7.5,77.6,true,5.14,379.1,203.0,1.0,0.0,2500.0,0.24,Spanish,Chinese (Mandarin/Cantonese),,MULTI_DISTRICT,57.94,11,52.39,73,49.69,39,51.02,59,0.9627,0.6016,0.0,0.4703,1.0,0.0,0.8221,0.5458,0.5394,0.816,0.3529,0.7918,0.3061,0.0,0.6418,0.7492,0.4537,0.5,0.188,0.4149,0.5
98134,Seattle,King,,urban,Seattle,779.0,1.44,205.0,39.0,65.71,22.0,66119.0,520000.0,2540.0,0.579,7.0,24.0,8.0,58.0,1180.0,5150.0,0.03506148,8.34,13.48,26.01,0.0,0.0,20.0,0.0975609756097561,0.0,41.416666666666664,14.1,7.5,61.2,true,0.0,0.0,300.0,1.0,0.0,,,Other Asian/Pacific Island,Spanish,renter_households,LOW_POP,32.52,51,37.95,104,40.21,90,39.06,98,0.0045,0.4554,0.0,0.1953,1.0,0.0,0.9513,0.5458,0.1898,1.0,0.0,0.4755,0.0339,0.0,0.9342,0.0,0.8811,0.5,0.0375,0.4858,0.5
98136,Seattle,King,,urban,Seattle,17299.0,1.44,2244.0,1634.0,36.09,68.0,153636.0,920000.0,2540.0,0.327,9.5,22.0,4.6,70.0,1180.0,5150.0,0.07277465,1.83,10.87,66.95,0.0,0.0,789.0,0.3516042780748663,0.0,52.449999999999996,32.8,7.5,72.8,false,5.33,401.7,202.0,1.0,0.0,2700.0,0.21,Spanish,German/W.Germanic,,,46.38,29,45.59,91,56.19,12,50.61,62,0.2511,0.6774,0.0,0.7037,1.0,0.0,0.8296,0.5458,0.4371,0.4303,0.2353,0.8296,0.6332,0.0,0.7531,0.7939,0.4493,0.5,0.5392,0.6462,0.5
98144,Seattle,King,,urban,Seattle,33048.0,1.44,8515.0,3564.0,53.93,38.0,94051.0,820000.0,2780.0,0.401,9.5,20.0,5.8,64.0,1180.0,5150.0,0.13631896,10.9,21.86,62.36,210.0,12.344577000000001,2222.0,0.26095126247798006,0.024662360540223135,38.61666666666667,17.0,7.5,71.1,true,3.76,368.7,206.0,1.0,0.0,2550.0,0.25,Spanish,Chinese (Mandarin/Cantonese),,,53.22,16,44.61,95,49.94,38,47.2,79,0.5496,0.6542,0.0555,0.5222,1.0,0.052,0.9822,0.5458,0.4009,0.6499,0.2353,0.7497,0.2352,0.0,0.9061,0.7287,0.467,0.5,0.1976,0.5519,0.5
98146,Burien,King,,suburban,Unincorporated King,28182.0,0.92,5575.0,3453.0,33.27,52.0,108460.0,580000.0,2200.0,0.45,14.0,26.0,5.2,56.0,0.0,0.0,0.09651928,17.18,25.96,37.18,0.0,0.0,621.0,0.11139013452914798,0.0,55.5,38.1,2.0,55.8,false,4.5,274.0,231.0,1.0,0.0,2200.0,0.3,Spanish,Vietnamese,,LARGE_UNINC,28.53,70,52.9,69,46.4,65,49.54,70,0.5324,0.1572,0.0,0.2229,0.1538,0.0,0.796,0.3553,0.0746,0.7953,0.7647,0.7063,0.3825,0.8462,0.7018,0.5415,0.5771,0.5,0.2802,0.491,0.5
98148,SeaTac,King,,suburban,SeaTac,10399.0,0.95,1975.0,1189.0,49.68,50.0,86994.0,560000.0,2080.0,0.441,14.5,27.0,5.4,54.0,18.0,50.0,0.06291872,17.24,22.28,28.24,0.0,0.0,296.0,0.149873417721519,0.0,61.333333333333336,36.2,3.5,52.6,false,7.22,277.0,202.0,1.0,0.0,2200.0,0.3,Spanish,Vietnamese,,,22.51,83,47.73,83,41.16,88,44.32,90,0.1823,0.0962,0.0,0.2999,0.3846,0.0,0.7316,0.3663,0.0064,0.7685,0.8235,0.6708,0.3058,0.6154,0.7202,0.5474,0.4493,0.5,0.1571,0.4387,0.5
98155,Shoreline,King,,suburban,Shoreline,35906.0,0.69,5343.0,3821.0,28.25,64.0,131911.0,820000.0,2780.0,0.401,11.5,22.0,4.6,64.0,54.0,156.0,0.10401120000000003,7.18,18.6,55.92,0.0,0.0,949.0,0.17761557177615572,0.0,53.166666666666664,47.0,2.0,89.4,true,5.19,246.8,213.0,1.0,0.0,2500.0,0.23,Spanish,Chinese (Mandarin/Cantonese),,MULTI_DISTRICT,33.44,44,68.96,3,51.16,30,59.4,6,0.5893,0.3017,0.0,0.3555,0.1538,0.0,0.8217,0.2711,0.791,0.6499,0.4706,0.8296,0.5407,0.8462,0.6157,0.4877,0.4978,0.5,0.4147,0.5152,0.5
98166,Burien,King,,suburban,Burien,22001.0,0.92,2693.0,2089.0,33.41,70.0,112191.0,720000.0,2200.0,0.362,13.0,24.0,4.4,62.0,32.0,88.0,0.06022876,7.35,13.24,45.49,0.0,0.0,622.0,0.23096917935388042,0.0,61.78333333333333,40.3,6.0,62.7,false,5.65,215.2,202.0,1.0,0.0,2400.0,0.24,Spanish,Other Indo-European,,,33.21,48,46.91,86,42.7,83,44.76,89,0.3215,0.2185,0.0,0.4622,0.7692,0.0,0.7267,0.3553,0.2217,0.5341,0.6471,0.8151,0.5296,0.2308,0.6805,0.4253,0.4493,0.5,0.3016,0.4911,0.5
98168,Tukwila,King,,suburban,Unincorporated King,34814.0,1.18,7799.0,4593.0,46.81,46.0,84937.0,520000.0,2200.0,0.502,15.5,28.0,5.8,52.0,0.0,0.0,0.07964679999999999,22.46,33.2,23.99,70.0,7.3594682,779.0,0.09988460058981921,0.008975509680728298,53.13333333333333,24.1,2.0,52.2,false,6.09,242.0,228.0,1.0,0.0,2200.0,0.32,Spanish,Vietnamese,,LARGE_UNINC,32.36,53,54.84,60,42.63,84,48.35,77,0.7087,0.0787,0.0331,0.1999,0.1538,0.0189,0.8221,0.4505,0.0,0.9496,0.9412,0.6164,0.2696,0.8462,0.8374,0.4783,0.5639,0.5,0.1454,0.4914,0.5
98177,Seattle,King,,suburban,Seattle,20506.0,1.44,2743.0,2045.0,13.35,68.0,162607.0,920000.0,2780.0,0.358,10.5,22.0,4.4,66.0,1180.0,5150.0,0.09517761,4.89,13.97,68.13,0.0,0.0,301.0,0.10973386802770689,0.0,54.550000000000004,44.9,7.5,84.7,true,4.59,166.9,186.0,1.0,0.0,2700.0,0.2,Chinese (Mandarin/Cantonese),Spanish,renter_households,MULTI_DISTRICT,41.15,33,55.5,57,47.68,54,51.44,55,0.3147,0.6407,0.0,0.2196,1.0,0.0,0.8064,0.5458,0.6908,0.5223,0.3529,0.8484,0.659,0.0,0.636,0.3298,0.3789,0.5,0.5906,0.6133,0.5
98178,Renton,King,,suburban,Unincorporated King,25929.0,0.83,4567.0,3106.0,35.17,58.0,93786.0,620000.0,2200.0,0.421,14.5,27.0,5.0,58.0,0.0,0.0,0.11163906000000001,18.51,30.78,36.27,0.0,0.0,581.0,0.12721699146047732,0.0,49.48333333333333,11.0,2.0,59.4,true,5.79,306.3,214.0,1.0,0.0,2200.0,0.28,Vietnamese,Chinese (Mandarin/Cantonese),,LARGE_UNINC;MULTI_DISTRICT,28.94,68,56.2,53,46.52,64,51.13,56,0.4787,0.2036,0.0,0.2546,0.1538,0.0,0.8623,0.3223,0.1514,0.7092,0.8235,0.7085,0.3859,0.8462,0.9642,0.6053,0.5022,0.5,0.1961,0.5801,0.5
98188,SeaTac,King,,suburban,SeaTac,26769.0,0.94,6883.0,3483.0,58.4,38.0,76559.0,520000.0,2080.0,0.475,15.8,28.0,6.0,50.0,18.0,50.0,0.10774711999999999,22.27,40.69,26.48,90.0,11.705112,925.0,0.1343890745314543,0.013075693738195554,58.949999999999996,26.9,3.5,49.0,true,4.83,160.3,225.0,1.0,0.0,2200.0,0.32,Spanish,Other Asian/Pacific Island,,MULTI_DISTRICT,31.47,58,49.94,79,38.16,96,43.65,93,0.537,0.1137,0.0526,0.269,0.3846,0.0276,0.7579,0.3626,0.0,0.8694,0.9765,0.5975,0.185,0.6154,0.8103,0.3168,0.5507,0.5,0.0973,0.4538,0.5
98198,Des Moines,King,,suburban,Des Moines,39815.0,0.78,6908.0,4698.0,45.67,58.0,83938.0,580000.0,2080.0,0.426,14.5,27.0,5.2,58.0,18.0,50.0,0.09236016999999999,18.48,29.33,31.49,50.0,4.219908,1048.0,0.15170816444701796,0.007237984944991315,69.91666666666667,46.1,1.0,62.7,true,6.55,337.3,218.0,1.0,0.0,2200.0,0.29,Spanish,Other Indo-European,,MULTI_DISTRICT,31.21,61,56.76,51,46.04,67,51.12,57,0.7249,0.1882,0.019,0.3036,0.0,0.0153,0.6369,0.304,0.2217,0.724,0.8235,0.6896,0.3577,1.0,0.6244,0.6666,0.5198,0.5,0.1396,0.382,0.5
98199,Seattle,King,,urban,Seattle,22751.0,1.44,3288.0,2194.0,37.63,64.0,176729.0,1280000.0,2780.0,0.257,8.8,20.0,4.6,72.0,1180.0,5150.0,0.1093518,2.49,14.22,76.9,50.0,0.4684935,1180.0,0.3588807785888078,0.015206812652068127,47.28333333333333,22.7,7.5,83.4,false,6.51,349.5,177.0,1.0,0.0,2800.0,0.19,Other Indo-European,Chinese (Mandarin/Cantonese),,,50.49,22,48.32,80,56.25,11,52.13,46,0.3377,0.7467,0.0021,0.7182,1.0,0.0321,0.8866,0.5458,0.6631,0.2226,0.1529,0.8629,0.6691,0.0,0.8509,0.6907,0.3392,0.5,0.6716,0.7613,0.5
98224,Baring,King,,rural,Unincorporated King,192.0,-0.05,14.0,12.0,4.21,82.0,86477.0,420000.0,1480.0,0.418,8.5,54.0,3.5,58.0,0.0,0.0,0.048175449999999995,1.56,16.15,29.83,0.0,0.0,0.0,0.0,0.0,105.06666666666666,89.5,2.0,61.2,false,0.0,0.0,100.0,1.0,0.0,,,Other Asian/Pacific Island,French/Haitian/Cajun,population_2024;renter_households;median_hh_income,LARGE_UNINC;LOW_POP;RURAL_FRINGE,6.21,107,42.39,98,19.16,105,28.5,105,0.0003,0.1361,0.0,0.0,0.1538,0.0,0.2493,0.0,0.1898,0.7003,0.1176,0.5,0.5468,0.8462,0.2043,0.0,0.0,0.5,0.1542,0.1792,0.5
98288,Skykomish,King,,rural,Unincorporated King,201.0,-1.17,12.0,10.0,30.3,82.0,59583.0,440000.0,1480.0,0.399,8.5,54.0,3.5,58.0,0.0,0.0,0.02144158,3.05,6.47,33.14,0.0,0.0,5.0,0.4166666666666667,0.0,129.96666666666667,114.6,2.0,61.2,false,1.99,0.0,100.0,1.0,0.0,,,Spanish,Russian/Polish/Slavic,population_2024;renter_households;median_hh_income,LARGE_UNINC;LOW_POP;RURAL_FRINGE,13.27,99,38.7,102,15.52,107,24.51,107,0.0,0.1076,0.0,0.8339,0.1538,0.0,0.0,0.0,0.1898,0.6439,0.1176,0.5,0.4697,0.8462,0.0,0.0,0.0,0.5,0.0,0.0,0.5
98201,Everett,Snohomish,,urban,Everett,31212.0,0.65,7061.0,3845.0,53.14,42.0,73822.0,520000.0,1950.0,0.446,15.0,26.0,6.4,54.0,118.0,312.0,0.030466030000000005,6.17,10.43,29.21,85.0,2.7869273,1092.0,0.15465231553604306,0.012037954963886136,82.26666666666667,36.4,1.5,61.2,false,4.71,78.4,206.0,1.0,0.0,2200.0,0.28,Spanish,Russian/Polish/Slavic,,,25.94,75,54.97,59,33.87,101,43.15,95,0.593,0.0899,0.0125,0.3095,0.0769,0.0254,0.5007,0.2564,0.1898,0.7834,0.8824,0.5931,0.2075,0.9231,0.7183,0.1549,0.467,0.5,0.0816,0.4,0.5
98203,Everett,Snohomish,,suburban,Everett,35356.0,0.65,6507.0,3818.0,32.85,52.0,101505.0,580000.0,1950.0,0.4,14.5,26.0,5.4,56.0,118.0,312.0,0.07126400000000001,11.73,20.96,34.0,50.0,1.9266524999999999,726.0,0.111572153065929,0.007684032580298141,71.45,15.8,1.5,64.3,true,6.04,180.7,229.0,1.0,0.0,2150.0,0.28,Spanish,Vietnamese,,MULTI_DISTRICT,27.04,74,57.78,42,44.37,76,50.63,61,0.5888,0.1637,0.0087,0.2233,0.0769,0.0162,0.62,0.2564,0.2559,0.6469,0.8235,0.6874,0.3626,0.9231,0.9177,0.3571,0.5683,0.5,0.2403,0.579,0.5
98204,Everett,Snohomish,,suburban,Everett,43961.0,0.65,9991.0,4759.0,64.85,42.0,66592.0,540000.0,1950.0,0.429,15.8,26.0,5.8,52.0,118.0,312.0,0.06831552,20.72,30.94,22.08,240.0,32.248608,1573.0,0.157441697527775,0.024021619457511762,65.55,12.5,1.5,61.2,true,6.55,401.1,256.0,1.0,0.0,2150.0,0.31,Spanish,Russian/Polish/Slavic,,MULTI_DISTRICT,33.23,47,57.26,49,51.92,23,54.52,31,0.7343,0.0999,0.145,0.3151,0.0769,0.0507,0.6851,0.2564,0.1898,0.7329,0.9765,0.6497,0.1868,0.9231,0.9497,0.7927,0.6872,0.5,0.0402,0.4949,0.5
98208,Everett,Snohomish,,suburban,Unincorporated Snohomish,60616.0,0.65,8835.0,5858.0,31.58,62.0,102546.0,720000.0,1950.0,0.322,14.5,25.0,4.8,60.0,0.0,0.0,0.09136382,15.21,26.66,34.27,70.0,3.3623226,1119.0,0.1266553480475382,0.00792303338992643,67.76666666666667,26.2,2.0,83.2,true,6.03,240.0,229.0,1.0,0.0,2300.0,0.26,Spanish,Vietnamese,,LARGE_UNINC;MULTI_DISTRICT,36.4,40,64.54,15,49.53,42,56.54,15,0.9043,0.2124,0.0151,0.2535,0.1538,0.0167,0.6607,0.2564,0.6588,0.4154,0.8235,0.7607,0.4413,0.8462,0.817,0.4743,0.5683,0.5,0.2463,0.5317,0.5
98223,Arlington,Snohomish,,exurban,Unincorporated Snohomish,46225.0,1.02,4969.0,3736.0,21.82,72.0,96478.0,620000.0,1780.0,0.341,12.5,29.0,4.4,58.0,0.0,0.0,0.015158520000000002,3.56,7.38,20.54,0.0,0.0,494.0,0.09941638156570738,0.0,124.76666666666665,85.3,2.0,68.8,true,5.03,7.4,272.0,1.0,0.0,2050.0,0.27,Spanish,Tagalog/Filipino,,LARGE_UNINC;MULTI_DISTRICT,20.89,87,50.08,78,38.6,95,43.97,92,0.5762,0.1009,0.0,0.199,0.1538,0.0,0.032,0.3919,0.3518,0.4718,0.5882,0.7318,0.4997,0.8462,0.2449,0.0146,0.7577,0.5,0.2115,0.2282,0.5
98241,Darrington,Snohomish,,rural,Unincorporated Snohomish,2412.0,0.68,196.0,159.0,24.82,78.0,75039.0,420000.0,1480.0,0.418,10.5,44.0,4.0,60.0,0.0,0.0,0.0057897,0.51,3.15,18.38,0.0,0.0,30.0,0.15306122448979592,0.0,179.35,159.1,2.0,54.0,false,2.86,0.2,338.0,1.0,0.0,1900.0,0.3,Spanish,German/W.Germanic,population_2024;renter_households,LARGE_UNINC;LOW_POP;RURAL_FRINGE,9.27,105,38.72,101,37.8,97,38.26,99,0.023,0.1212,0.0,0.3063,0.1538,0.0,0.0,0.2674,0.0362,0.7003,0.3529,0.5195,0.4837,0.8462,0.0,0.0004,1.0,0.5,0.0886,0.0443,0.5
98251,Gold Bar,Snohomish,,rural,Unincorporated Snohomish,4782.0,1.05,337.0,273.0,15.2,82.0,78512.0,540000.0,1480.0,0.325,10.5,36.0,4.2,60.0,0.0,0.0,0.015165699999999999,3.95,9.35,16.22,0.0,0.0,36.0,0.10682492581602374,0.0,110.75,98.1,2.0,55.8,true,5.88,1.7,333.0,1.0,0.0,1900.0,0.3,Spanish,French/Haitian/Cajun,renter_households,LARGE_UNINC;LOW_POP;RURAL_FRINGE,11.38,102,36.87,106,39.11,93,37.97,101,0.0407,0.1312,0.0,0.2138,0.1538,0.0,0.1866,0.4029,0.0746,0.4243,0.3529,0.634,0.524,0.8462,0.121,0.0034,1.0,0.5,0.1085,0.1148,0.5
98252,Granite Falls,Snohomish,,exurban,Unincorporated Snohomish,10487.0,2.68,870.0,693.0,16.23,78.0,95235.0,620000.0,1780.0,0.341,11.5,30.0,4.0,60.0,0.0,0.0,0.013545600000000001,2.53,5.44,24.9,0.0,0.0,91.0,0.10459770114942529,0.0,116.78333333333335,91.3,2.0,63.1,false,5.08,2.2,291.0,1.0,0.0,2000.0,0.28,Spanish,Other Indo-European,renter_households,LARGE_UNINC,15.65,96,45.51,92,38.85,94,42.05,97,0.1056,0.1295,0.0,0.2093,0.1538,0.0,0.12,1.0,0.2303,0.4718,0.4706,0.7528,0.5416,0.8462,0.1868,0.0043,0.8414,0.5,0.2044,0.1956,0.5
98256,Index,Snohomish,,rural,Unincorporated Snohomish,409.0,-0.5,22.0,18.0,15.95,84.0,91406.0,520000.0,1480.0,0.338,10.0,48.0,3.8,62.0,0.0,0.0,0.006316200000000001,2.5,6.6,9.57,0.0,0.0,3.0,0.13636363636363635,0.0,125.0,110.6,2.0,60.6,false,2.2,0.1,100.0,1.0,0.0,,,Spanish,French/Haitian/Cajun,population_2024;renter_households;median_hh_income,LARGE_UNINC;LOW_POP;RURAL_FRINGE,7.57,106,37.83,105,18.52,106,26.47,106,0.0012,0.1521,0.0,0.2729,0.1538,0.0,0.0294,0.0,0.177,0.4629,0.2941,0.4717,0.5761,0.8462,0.0,0.0002,0.0,0.5,0.1824,0.0912,0.5
98258,Lake Stevens,Snohomish,,suburban,Lake Stevens,52005.0,1.82,5638.0,4335.0,21.82,72.0,120571.0,720000.0,1950.0,0.322,13.0,27.0,4.2,58.0,32.0,88.0,0.03181822,4.5,9.86,32.27,0.0,0.0,604.0,0.1071301880099326,0.0,92.06666666666666,53.3,1.0,77.9,true,7.5,105.2,277.0,1.0,0.0,2150.0,0.27,Spanish,Russian/Polish/Slavic,,MULTI_DISTRICT,27.37,72,60.46,29,48.4,52,54.09,36,0.6688,0.1277,0.0,0.2144,0.0,0.0,0.3926,0.685,0.5458,0.4154,0.6471,0.784,0.5688,1.0,0.5547,0.2079,0.7797,0.5,0.3496,0.4522,0.5
98270,Marysville,Snohomish,,suburban,Marysville,53744.0,1.19,7144.0,5070.0,29.84,66.0,102258.0,620000.0,1950.0,0.374,13.5,26.0,4.6,56.0,48.0,128.0,0.032303099999999994,7.08,14.1,22.91,0.0,0.0,797.0,0.11156215005599104,0.0,93.61666666666667,51.3,1.0,63.2,false,5.78,217.7,260.0,1.0,0.0,2050.0,0.28,Spanish,Russian/Polish/Slavic,,,28.01,71,54.24,63,47.0,60,50.49,65,0.7824,0.1024,0.0,0.2233,0.0,0.0,0.3756,0.4542,0.2324,0.5697,0.7059,0.7629,0.4708,1.0,0.5741,0.4302,0.7048,0.5,0.2447,0.4094,0.5
98271,Marysville,Snohomish,,suburban,Unincorporated Snohomish,30561.0,1.19,4002.0,2840.0,25.84,66.0,97547.0,560000.0,1780.0,0.377,13.5,27.0,4.4,54.0,0.0,0.0,0.019981210000000003,5.1,9.07,22.03,0.0,0.0,391.0,0.09770114942528736,0.0,97.85000000000001,52.8,2.0,63.2,true,6.56,44.3,263.0,1.0,0.0,2050.0,0.32,Spanish,Russian/Polish/Slavic,,LARGE_UNINC;MULTI_DISTRICT,20.25,90,52.63,72,39.91,91,45.83,86,0.4376,0.0454,0.0,0.1955,0.1538,0.0,0.3289,0.4542,0.2324,0.5786,0.7059,0.7651,0.4573,0.8462,0.5595,0.0875,0.7181,0.5,0.2176,0.3886,0.5
98272,Monroe,Snohomish,,exurban,Unincorporated Snohomish,32055.0,1.12,3120.0,2399.0,20.17,74.0,115894.0,620000.0,1780.0,0.341,12.5,28.0,4.2,58.0,0.0,0.0,0.03548765,5.77,12.43,28.55,0.0,0.0,304.0,0.09743589743589744,0.0,81.6,69.5,2.0,72.4,true,8.35,25.2,278.0,1.0,0.0,2050.0,0.27,Spanish,Other Asian/Pacific Island,,LARGE_UNINC;MULTI_DISTRICT,21.62,84,54.66,61,43.15,80,48.57,75,0.3694,0.1225,0.0,0.195,0.1538,0.0,0.5081,0.4286,0.4286,0.4718,0.5882,0.7673,0.5705,0.8462,0.3979,0.0498,0.7841,0.5,0.3228,0.3603,0.5
98275,Mukilteo,Snohomish,,suburban,Mukilteo,21312.0,0.47,2767.0,1822.0,29.12,66.0,122612.0,820000.0,2400.0,0.35,13.0,24.0,4.4,64.0,26.0,74.0,0.11774370999999997,11.48,21.49,54.79,210.0,7.0202496000000005,487.0,0.17600289121792556,0.07589447054571738,67.08333333333333,12.8,1.0,83.2,false,5.95,173.6,171.0,1.0,0.0,2500.0,0.21,Korean,Spanish,,,25.19,77,68.26,5,43.89,77,54.74,28,0.2802,0.3084,0.0316,0.3522,0.0,0.1601,0.6682,0.1905,0.6588,0.4985,0.6471,0.8151,0.5292,1.0,0.9468,0.3431,0.3128,0.5,0.3613,0.654,0.5
98290,Snohomish,Snohomish,,exurban,Unincorporated Snohomish,39732.0,0.91,3040.0,2421.0,18.51,80.0,129656.0,720000.0,1950.0,0.322,12.5,28.0,4.0,62.0,0.0,0.0,0.025710750000000004,3.11,6.75,38.09,0.0,0.0,452.0,0.14868421052631578,0.0,85.95,58.4,2.0,78.1,false,5.64,19.1,274.0,1.0,0.0,2150.0,0.27,Spanish,Other Asian/Pacific Island,,LARGE_UNINC,22.79,82,59.0,38,45.38,70,51.74,52,0.3728,0.1727,0.0,0.2976,0.1538,0.0,0.4601,0.3516,0.5501,0.4154,0.5882,0.7862,0.6554,0.8462,0.5053,0.0377,0.7665,0.5,0.4017,0.4535,0.5
98292,Stanwood,Snohomish,,exurban,Unincorporated Snohomish,26713.0,1.35,2300.0,1797.0,19.54,78.0,101161.0,620000.0,1780.0,0.341,12.5,30.0,4.0,60.0,0.0,0.0,0.0093147,1.75,3.66,25.45,0.0,0.0,266.0,0.11565217391304349,0.0,120.38333333333333,75.1,2.0,78.6,false,5.06,17.6,291.0,1.0,0.0,2050.0,0.3,Spanish,Russian/Polish/Slavic,renter_households,LARGE_UNINC,16.27,95,57.64,44,43.46,78,50.05,66,0.2763,0.125,0.0,0.2315,0.1538,0.0,0.0803,0.5128,0.5608,0.4718,0.5882,0.7528,0.5586,0.8462,0.3437,0.0348,0.8414,0.5,0.2384,0.291,0.5
98294,Sultan,Snohomish,,rural,Unincorporated Snohomish,7838.0,1.2,669.0,531.0,12.71,78.0,87981.0,580000.0,1480.0,0.303,11.0,36.0,4.0,60.0,0.0,0.0,0.06212781,11.13,20.73,29.97,0.0,0.0,57.0,0.08520179372197309,0.0,90.25,76.6,2.0,55.8,false,6.7,9.7,288.0,1.0,0.0,2000.0,0.3,Spanish,Other Asian/Pacific Island,renter_households,LARGE_UNINC;RURAL_FRINGE,15.13,98,38.08,103,37.61,98,37.84,102,0.0806,0.1812,0.0,0.1705,0.1538,0.0,0.4127,0.4579,0.0746,0.3591,0.4118,0.6528,0.5208,0.8462,0.3291,0.0192,0.8282,0.5,0.1628,0.246,0.5
98296,Snohomish,Snohomish,,exurban,Unincorporated Snohomish,27201.0,0.91,1704.0,1382.0,9.84,84.0,172468.0,920000.0,1950.0,0.252,12.5,27.0,4.0,64.0,0.0,0.0,0.06105975,3.76,12.75,47.89,0.0,0.0,174.0,0.10211267605633803,0.0,65.51666666666667,48.6,2.0,83.2,true,6.02,47.4,273.0,1.0,0.0,2300.0,0.22,Other Indo-European,Russian/Polish/Slavic,renter_households,LARGE_UNINC;MULTI_DISTRICT,21.47,85,60.65,28,51.91,24,56.11,18,0.2122,0.2407,0.0,0.2044,0.1538,0.0,0.6855,0.3516,0.6588,0.2077,0.5882,0.8028,0.8084,0.8462,0.6002,0.0937,0.7621,0.5,0.6472,0.6237,0.5
98036,Lynnwood,Snohomish,,suburban,Lynnwood,42016.0,0.96,6792.0,3955.0,39.62,58.0,89566.0,820000.0,2400.0,0.35,14.0,24.0,4.6,60.0,58.0,152.0,0.10452143000000001,13.9,26.89,38.87,40.0,2.202872,1108.0,0.16313309776207302,0.005889281507656066,58.36666666666667,43.1,1.0,77.9,true,6.62,290.0,200.0,1.0,0.0,2400.0,0.27,Spanish,Other Indo-European,,,31.35,60,62.11,23,45.71,69,53.28,41,0.61,0.2427,0.0099,0.3265,0.0,0.0124,0.7643,0.37,0.5458,0.4985,0.7647,0.7962,0.3738,1.0,0.6534,0.5731,0.4405,0.5,0.1719,0.4127,0.5
98037,Lynnwood,Snohomish,,suburban,Lynnwood,30574.0,0.96,6580.0,3022.0,38.46,42.0,104357.0,720000.0,2400.0,0.399,14.8,25.0,5.4,56.0,58.0,152.0,0.10290371999999998,15.95,27.64,37.23,0.0,0.0,747.0,0.1135258358662614,0.0,60.56666666666666,33.1,1.0,67.0,true,6.09,322.2,206.0,1.0,0.0,2350.0,0.28,Spanish,Chinese (Mandarin/Cantonese),,,25.48,76,58.54,39,47.63,55,52.8,44,0.4657,0.1804,0.0,0.2272,0.0,0.0,0.7401,0.37,0.3134,0.6439,0.8588,0.7041,0.295,1.0,0.7502,0.6368,0.467,0.5,0.2567,0.5035,0.5
98043,Mountlake Terrace,Snohomish,,suburban,Mountlake Terrace,21417.0,0.43,4232.0,2339.0,43.92,52.0,101408.0,720000.0,2400.0,0.399,14.0,24.0,4.6,58.0,22.0,58.0,0.07659592000000001,8.91,18.32,41.81,0.0,0.0,703.0,0.16611531190926276,0.0,57.199999999999996,46.3,1.0,72.7,false,4.6,243.2,194.0,1.0,0.0,2350.0,0.27,Spanish,Other Asian/Pacific Island,,,23.5,81,61.52,24,43.39,79,51.67,53,0.3601,0.1725,0.0,0.3324,0.0,0.0,0.7772,0.1758,0.435,0.6439,0.7647,0.7962,0.3623,1.0,0.6225,0.4806,0.4141,0.5,0.2398,0.4311,0.5
98087,Lynnwood,Snohomish,,suburban,Unincorporated Snohomish,40607.0,0.96,6700.0,4214.0,47.01,58.0,106541.0,820000.0,2400.0,0.35,14.0,24.0,4.4,58.0,0.0,0.0,0.11409719999999998,14.29,28.9,39.48,0.0,0.0,1270.0,0.18955223880597014,0.0,62.06666666666667,25.8,2.0,63.3,true,5.78,408.7,255.0,1.0,0.0,2300.0,0.27,Spanish,Russian/Polish/Slavic,,LARGE_UNINC;MULTI_DISTRICT,33.15,49,53.96,64,55.73,13,54.84,27,0.6501,0.2063,0.0,0.3794,0.1538,0.0,0.7235,0.37,0.2345,0.4985,0.7647,0.8151,0.4225,0.8462,0.8209,0.8077,0.6828,0.5,0.2692,0.5451,0.5
